{"loss": {"train": [1.3842289447784424, 1.2188947200775146, 1.1251438856124878], "val": [1.3443961143493652, 1.3303204774856567, 1.2341963052749634]}, "mean_output": {"train": [0.31161162707270407, 0.2558379504145408, 0.2092997648278061], "val": [0.22489487005739792, 0.30595553651147955, 0.22103595344387755]}}